NewQuestion,SA
Title,Non-Ideal DFF Timing Diagram
QuestionText,"<p>In this problem, the flip-flop is <i>not</i> ideal and has          the delays shown above.         Click on the link below to open the problem in WaveDrom. Complete the timing         diagram, and paste <b>all</b> your code into the answer box.</p>         <p><a href=""https://dougsummerville.github.io/wavedrom/editor.html?%7B%20head%3A%7Btext%3A%27Non-Ideal%20DFF%20Diagram%27%7D%2C%0Asignal%3A%0A%5B%0A%7Bname%3A%20%22clk%22%2C%20wave%3A%20%22000011111000001111100000111110%22%7D%2C%7Bname%3A%20%22D%22%2C%20wave%3A%20%22111111111100110000000000000000%22%7D%2C%7Bname%3A%20%22Q%22%2C%20wave%3A%20%27%27%7D%2C%5D%2C%0A%20%20foot%3A%7Btick%3A0%7D%0A%7D"" target=""_blank"">WaveDrom Link</a></p>",HTML
Points,10
Difficulty,1
Image,/imagepools/quantumbeef/dff_23_A.png
Hint,"<p><b>You can treat the edge cases as valid.</b> For example,                 if the input changes <i>exactly</i> 3 ns before the rising edge,                 that would not be a setup time violation.                Your wave for Q should have 30 characters and look                 something like ""xxxxxxxxxx11111111110000000000"".",HTML
Feedback,"<p>Here was the right answer: <a href=""https://dougsummerville.github.io/wavedrom/editor.html?%7B%20head%3A%7Btext%3A%27Non-Ideal%20DFF%20Diagram%20Answer%27%7D%2C%0Asignal%3A%0A%5B%0A%7Bname%3A%20%22clk%22%2C%20wave%3A%20%22000011111000001111100000111110%22%7D%2C%7Bname%3A%20%22D%22%2C%20wave%3A%20%22111111111100110000000000000000%22%7D%2C%7Bname%3A%20%22Q%22%2C%20wave%3A%20%22xxxxxxxxx1111111111xxxxxxxxxx0%22%7D%2C%5D%2C%0A%20%20foot%3A%7Btick%3A0%7D%0A%7D"" target=""_blank"">WaveDrom Link</a></p>",HTML
ANSWER,100,"(?i:name\s*:\s*['""]Q['""]\s*,\s*wave\s*:\s*['""](?:x\.\.\.\.\.\.\.\.1\.\.\.\.\.\.\.\.\.x\.\.\.\.\.\.\.\.\.0|xxxxxxxxx1111111111xxxxxxxxxx0)['""])",regexp


NewQuestion,SA
Title,Non-Ideal DFF Timing Diagram
QuestionText,"<p>In this problem, the flip-flop is <i>not</i> ideal and has          the delays shown above.         Click on the link below to open the problem in WaveDrom. Complete the timing         diagram, and paste <b>all</b> your code into the answer box.</p>         <p><a href=""https://dougsummerville.github.io/wavedrom/editor.html?%7B%20head%3A%7Btext%3A%27Non-Ideal%20DFF%20Diagram%27%7D%2C%0Asignal%3A%0A%5B%0A%7Bname%3A%20%22clk%22%2C%20wave%3A%20%22000011111000001111100000111110%22%7D%2C%7Bname%3A%20%22D%22%2C%20wave%3A%20%22110000000000000000011111111110%22%7D%2C%7Bname%3A%20%22Q%22%2C%20wave%3A%20%27%27%7D%2C%5D%2C%0A%20%20foot%3A%7Btick%3A0%7D%0A%7D"" target=""_blank"">WaveDrom Link</a></p>",HTML
Points,10
Difficulty,1
Image,/imagepools/quantumbeef/dff_23_A.png
Hint,"<p><b>You can treat the edge cases as valid.</b> For example,                 if the input changes <i>exactly</i> 3 ns before the rising edge,                 that would not be a setup time violation.                Your wave for Q should have 30 characters and look                 something like ""xxxxxxxxxx11111111110000000000"".",HTML
Feedback,"<p>Here was the right answer: <a href=""https://dougsummerville.github.io/wavedrom/editor.html?%7B%20head%3A%7Btext%3A%27Non-Ideal%20DFF%20Diagram%20Answer%27%7D%2C%0Asignal%3A%0A%5B%0A%7Bname%3A%20%22clk%22%2C%20wave%3A%20%22000011111000001111100000111110%22%7D%2C%7Bname%3A%20%22D%22%2C%20wave%3A%20%22110000000000000000011111111110%22%7D%2C%7Bname%3A%20%22Q%22%2C%20wave%3A%20%22xxxxxxxxxxxxxxxxxxx00000000001%22%7D%2C%5D%2C%0A%20%20foot%3A%7Btick%3A0%7D%0A%7D"" target=""_blank"">WaveDrom Link</a></p>",HTML
ANSWER,100,"(?i:name\s*:\s*['""]Q['""]\s*,\s*wave\s*:\s*['""](?:x\.\.\.\.\.\.\.\.\.\.\.\.\.\.\.\.\.\.0\.\.\.\.\.\.\.\.\.1|xxxxxxxxxxxxxxxxxxx00000000001)['""])",regexp


NewQuestion,SA
Title,Non-Ideal DFF Timing Diagram
QuestionText,"<p>In this problem, the flip-flop is <i>not</i> ideal and has          the delays shown above.         Click on the link below to open the problem in WaveDrom. Complete the timing         diagram, and paste <b>all</b> your code into the answer box.</p>         <p><a href=""https://dougsummerville.github.io/wavedrom/editor.html?%7B%20head%3A%7Btext%3A%27Non-Ideal%20DFF%20Diagram%27%7D%2C%0Asignal%3A%0A%5B%0A%7Bname%3A%20%22clk%22%2C%20wave%3A%20%22000011111000001111100000111110%22%7D%2C%7Bname%3A%20%22D%22%2C%20wave%3A%20%22001111111111111100000000000011%22%7D%2C%7Bname%3A%20%22Q%22%2C%20wave%3A%20%27%27%7D%2C%5D%2C%0A%20%20foot%3A%7Btick%3A0%7D%0A%7D"" target=""_blank"">WaveDrom Link</a></p>",HTML
Points,10
Difficulty,1
Image,/imagepools/quantumbeef/dff_23_A.png
Hint,"<p><b>You can treat the edge cases as valid.</b> For example,                 if the input changes <i>exactly</i> 3 ns before the rising edge,                 that would not be a setup time violation.                Your wave for Q should have 30 characters and look                 something like ""xxxxxxxxxx11111111110000000000"".",HTML
Feedback,"<p>Here was the right answer: <a href=""https://dougsummerville.github.io/wavedrom/editor.html?%7B%20head%3A%7Btext%3A%27Non-Ideal%20DFF%20Diagram%20Answer%27%7D%2C%0Asignal%3A%0A%5B%0A%7Bname%3A%20%22clk%22%2C%20wave%3A%20%22000011111000001111100000111110%22%7D%2C%7Bname%3A%20%22D%22%2C%20wave%3A%20%22001111111111111100000000000011%22%7D%2C%7Bname%3A%20%22Q%22%2C%20wave%3A%20%22xxxxxxxxxxxxxxxxxxx11111111110%22%7D%2C%5D%2C%0A%20%20foot%3A%7Btick%3A0%7D%0A%7D"" target=""_blank"">WaveDrom Link</a></p>",HTML
ANSWER,100,"(?i:name\s*:\s*['""]Q['""]\s*,\s*wave\s*:\s*['""](?:x\.\.\.\.\.\.\.\.\.\.\.\.\.\.\.\.\.\.1\.\.\.\.\.\.\.\.\.0|xxxxxxxxxxxxxxxxxxx11111111110)['""])",regexp


NewQuestion,SA
Title,Non-Ideal DFF Timing Diagram
QuestionText,"<p>In this problem, the flip-flop is <i>not</i> ideal and has          the delays shown above.         Click on the link below to open the problem in WaveDrom. Complete the timing         diagram, and paste <b>all</b> your code into the answer box.</p>         <p><a href=""https://dougsummerville.github.io/wavedrom/editor.html?%7B%20head%3A%7Btext%3A%27Non-Ideal%20DFF%20Diagram%27%7D%2C%0Asignal%3A%0A%5B%0A%7Bname%3A%20%22clk%22%2C%20wave%3A%20%22000011111000001111100000111110%22%7D%2C%7Bname%3A%20%22D%22%2C%20wave%3A%20%22111111111100000000000111111110%22%7D%2C%7Bname%3A%20%22Q%22%2C%20wave%3A%20%27%27%7D%2C%5D%2C%0A%20%20foot%3A%7Btick%3A0%7D%0A%7D"" target=""_blank"">WaveDrom Link</a></p>",HTML
Points,10
Difficulty,1
Image,/imagepools/quantumbeef/dff_23_A.png
Hint,"<p><b>You can treat the edge cases as valid.</b> For example,                 if the input changes <i>exactly</i> 3 ns before the rising edge,                 that would not be a setup time violation.                Your wave for Q should have 30 characters and look                 something like ""xxxxxxxxxx11111111110000000000"".",HTML
Feedback,"<p>Here was the right answer: <a href=""https://dougsummerville.github.io/wavedrom/editor.html?%7B%20head%3A%7Btext%3A%27Non-Ideal%20DFF%20Diagram%20Answer%27%7D%2C%0Asignal%3A%0A%5B%0A%7Bname%3A%20%22clk%22%2C%20wave%3A%20%22000011111000001111100000111110%22%7D%2C%7Bname%3A%20%22D%22%2C%20wave%3A%20%22111111111100000000000111111110%22%7D%2C%7Bname%3A%20%22Q%22%2C%20wave%3A%20%22xxxxxxxxx111111111100000000001%22%7D%2C%5D%2C%0A%20%20foot%3A%7Btick%3A0%7D%0A%7D"" target=""_blank"">WaveDrom Link</a></p>",HTML
ANSWER,100,"(?i:name\s*:\s*['""]Q['""]\s*,\s*wave\s*:\s*['""](?:x\.\.\.\.\.\.\.\.1\.\.\.\.\.\.\.\.\.0\.\.\.\.\.\.\.\.\.1|xxxxxxxxx111111111100000000001)['""])",regexp


NewQuestion,SA
Title,Non-Ideal DFF Timing Diagram
QuestionText,"<p>In this problem, the flip-flop is <i>not</i> ideal and has          the delays shown above.         Click on the link below to open the problem in WaveDrom. Complete the timing         diagram, and paste <b>all</b> your code into the answer box.</p>         <p><a href=""https://dougsummerville.github.io/wavedrom/editor.html?%7B%20head%3A%7Btext%3A%27Non-Ideal%20DFF%20Diagram%27%7D%2C%0Asignal%3A%0A%5B%0A%7Bname%3A%20%22clk%22%2C%20wave%3A%20%22000011111000001111100000111110%22%7D%2C%7Bname%3A%20%22D%22%2C%20wave%3A%20%22011111111111000000000000000111%22%7D%2C%7Bname%3A%20%22Q%22%2C%20wave%3A%20%27%27%7D%2C%5D%2C%0A%20%20foot%3A%7Btick%3A0%7D%0A%7D"" target=""_blank"">WaveDrom Link</a></p>",HTML
Points,10
Difficulty,1
Image,/imagepools/quantumbeef/dff_23_A.png
Hint,"<p><b>You can treat the edge cases as valid.</b> For example,                 if the input changes <i>exactly</i> 3 ns before the rising edge,                 that would not be a setup time violation.                Your wave for Q should have 30 characters and look                 something like ""xxxxxxxxxx11111111110000000000"".",HTML
Feedback,"<p>Here was the right answer: <a href=""https://dougsummerville.github.io/wavedrom/editor.html?%7B%20head%3A%7Btext%3A%27Non-Ideal%20DFF%20Diagram%20Answer%27%7D%2C%0Asignal%3A%0A%5B%0A%7Bname%3A%20%22clk%22%2C%20wave%3A%20%22000011111000001111100000111110%22%7D%2C%7Bname%3A%20%22D%22%2C%20wave%3A%20%22011111111111000000000000000111%22%7D%2C%7Bname%3A%20%22Q%22%2C%20wave%3A%20%22xxxxxxxxx1111111111xxxxxxxxxx0%22%7D%2C%5D%2C%0A%20%20foot%3A%7Btick%3A0%7D%0A%7D"" target=""_blank"">WaveDrom Link</a></p>",HTML
ANSWER,100,"(?i:name\s*:\s*['""]Q['""]\s*,\s*wave\s*:\s*['""](?:x\.\.\.\.\.\.\.\.1\.\.\.\.\.\.\.\.\.x\.\.\.\.\.\.\.\.\.0|xxxxxxxxx1111111111xxxxxxxxxx0)['""])",regexp


NewQuestion,SA
Title,Non-Ideal DFF Timing Diagram
QuestionText,"<p>In this problem, the flip-flop is <i>not</i> ideal and has          the delays shown above.         Click on the link below to open the problem in WaveDrom. Complete the timing         diagram, and paste <b>all</b> your code into the answer box.</p>         <p><a href=""https://dougsummerville.github.io/wavedrom/editor.html?%7B%20head%3A%7Btext%3A%27Non-Ideal%20DFF%20Diagram%27%7D%2C%0Asignal%3A%0A%5B%0A%7Bname%3A%20%22clk%22%2C%20wave%3A%20%22000011111000001111100000111110%22%7D%2C%7Bname%3A%20%22D%22%2C%20wave%3A%20%22111111111110000000011111111100%22%7D%2C%7Bname%3A%20%22Q%22%2C%20wave%3A%20%27%27%7D%2C%5D%2C%0A%20%20foot%3A%7Btick%3A0%7D%0A%7D"" target=""_blank"">WaveDrom Link</a></p>",HTML
Points,10
Difficulty,1
Image,/imagepools/quantumbeef/dff_23_A.png
Hint,"<p><b>You can treat the edge cases as valid.</b> For example,                 if the input changes <i>exactly</i> 3 ns before the rising edge,                 that would not be a setup time violation.                Your wave for Q should have 30 characters and look                 something like ""xxxxxxxxxx11111111110000000000"".",HTML
Feedback,"<p>Here was the right answer: <a href=""https://dougsummerville.github.io/wavedrom/editor.html?%7B%20head%3A%7Btext%3A%27Non-Ideal%20DFF%20Diagram%20Answer%27%7D%2C%0Asignal%3A%0A%5B%0A%7Bname%3A%20%22clk%22%2C%20wave%3A%20%22000011111000001111100000111110%22%7D%2C%7Bname%3A%20%22D%22%2C%20wave%3A%20%22111111111110000000011111111100%22%7D%2C%7Bname%3A%20%22Q%22%2C%20wave%3A%20%22xxxxxxxxx111111111100000000001%22%7D%2C%5D%2C%0A%20%20foot%3A%7Btick%3A0%7D%0A%7D"" target=""_blank"">WaveDrom Link</a></p>",HTML
ANSWER,100,"(?i:name\s*:\s*['""]Q['""]\s*,\s*wave\s*:\s*['""](?:x\.\.\.\.\.\.\.\.1\.\.\.\.\.\.\.\.\.0\.\.\.\.\.\.\.\.\.1|xxxxxxxxx111111111100000000001)['""])",regexp


NewQuestion,SA
Title,Non-Ideal DFF Timing Diagram
QuestionText,"<p>In this problem, the flip-flop is <i>not</i> ideal and has          the delays shown above.         Click on the link below to open the problem in WaveDrom. Complete the timing         diagram, and paste <b>all</b> your code into the answer box.</p>         <p><a href=""https://dougsummerville.github.io/wavedrom/editor.html?%7B%20head%3A%7Btext%3A%27Non-Ideal%20DFF%20Diagram%27%7D%2C%0Asignal%3A%0A%5B%0A%7Bname%3A%20%22clk%22%2C%20wave%3A%20%22000011111000001111100000111110%22%7D%2C%7Bname%3A%20%22D%22%2C%20wave%3A%20%22110111111111111111111000000000%22%7D%2C%7Bname%3A%20%22Q%22%2C%20wave%3A%20%27%27%7D%2C%5D%2C%0A%20%20foot%3A%7Btick%3A0%7D%0A%7D"" target=""_blank"">WaveDrom Link</a></p>",HTML
Points,10
Difficulty,1
Image,/imagepools/quantumbeef/dff_23_A.png
Hint,"<p><b>You can treat the edge cases as valid.</b> For example,                 if the input changes <i>exactly</i> 3 ns before the rising edge,                 that would not be a setup time violation.                Your wave for Q should have 30 characters and look                 something like ""xxxxxxxxxx11111111110000000000"".",HTML
Feedback,"<p>Here was the right answer: <a href=""https://dougsummerville.github.io/wavedrom/editor.html?%7B%20head%3A%7Btext%3A%27Non-Ideal%20DFF%20Diagram%20Answer%27%7D%2C%0Asignal%3A%0A%5B%0A%7Bname%3A%20%22clk%22%2C%20wave%3A%20%22000011111000001111100000111110%22%7D%2C%7Bname%3A%20%22D%22%2C%20wave%3A%20%22110111111111111111111000000000%22%7D%2C%7Bname%3A%20%22Q%22%2C%20wave%3A%20%22xxxxxxxxxxxxxxxxxxx11111111110%22%7D%2C%5D%2C%0A%20%20foot%3A%7Btick%3A0%7D%0A%7D"" target=""_blank"">WaveDrom Link</a></p>",HTML
ANSWER,100,"(?i:name\s*:\s*['""]Q['""]\s*,\s*wave\s*:\s*['""](?:x\.\.\.\.\.\.\.\.\.\.\.\.\.\.\.\.\.\.1\.\.\.\.\.\.\.\.\.0|xxxxxxxxxxxxxxxxxxx11111111110)['""])",regexp


NewQuestion,SA
Title,Non-Ideal DFF Timing Diagram
QuestionText,"<p>In this problem, the flip-flop is <i>not</i> ideal and has          the delays shown above.         Click on the link below to open the problem in WaveDrom. Complete the timing         diagram, and paste <b>all</b> your code into the answer box.</p>         <p><a href=""https://dougsummerville.github.io/wavedrom/editor.html?%7B%20head%3A%7Btext%3A%27Non-Ideal%20DFF%20Diagram%27%7D%2C%0Asignal%3A%0A%5B%0A%7Bname%3A%20%22clk%22%2C%20wave%3A%20%22000011111000001111100000111110%22%7D%2C%7Bname%3A%20%22D%22%2C%20wave%3A%20%22111111111110000000000010000000%22%7D%2C%7Bname%3A%20%22Q%22%2C%20wave%3A%20%27%27%7D%2C%5D%2C%0A%20%20foot%3A%7Btick%3A0%7D%0A%7D"" target=""_blank"">WaveDrom Link</a></p>",HTML
Points,10
Difficulty,1
Image,/imagepools/quantumbeef/dff_23_A.png
Hint,"<p><b>You can treat the edge cases as valid.</b> For example,                 if the input changes <i>exactly</i> 3 ns before the rising edge,                 that would not be a setup time violation.                Your wave for Q should have 30 characters and look                 something like ""xxxxxxxxxx11111111110000000000"".",HTML
Feedback,"<p>Here was the right answer: <a href=""https://dougsummerville.github.io/wavedrom/editor.html?%7B%20head%3A%7Btext%3A%27Non-Ideal%20DFF%20Diagram%20Answer%27%7D%2C%0Asignal%3A%0A%5B%0A%7Bname%3A%20%22clk%22%2C%20wave%3A%20%22000011111000001111100000111110%22%7D%2C%7Bname%3A%20%22D%22%2C%20wave%3A%20%22111111111110000000000010000000%22%7D%2C%7Bname%3A%20%22Q%22%2C%20wave%3A%20%22xxxxxxxxx11111111110000000000x%22%7D%2C%5D%2C%0A%20%20foot%3A%7Btick%3A0%7D%0A%7D"" target=""_blank"">WaveDrom Link</a></p>",HTML
ANSWER,100,"(?i:name\s*:\s*['""]Q['""]\s*,\s*wave\s*:\s*['""](?:x\.\.\.\.\.\.\.\.1\.\.\.\.\.\.\.\.\.0\.\.\.\.\.\.\.\.\.x|xxxxxxxxx11111111110000000000x)['""])",regexp


NewQuestion,SA
Title,Non-Ideal DFF Timing Diagram
QuestionText,"<p>In this problem, the flip-flop is <i>not</i> ideal and has          the delays shown above.         Click on the link below to open the problem in WaveDrom. Complete the timing         diagram, and paste <b>all</b> your code into the answer box.</p>         <p><a href=""https://dougsummerville.github.io/wavedrom/editor.html?%7B%20head%3A%7Btext%3A%27Non-Ideal%20DFF%20Diagram%27%7D%2C%0Asignal%3A%0A%5B%0A%7Bname%3A%20%22clk%22%2C%20wave%3A%20%22000011111000001111100000111110%22%7D%2C%7Bname%3A%20%22D%22%2C%20wave%3A%20%22000001111111111111111000000111%22%7D%2C%7Bname%3A%20%22Q%22%2C%20wave%3A%20%27%27%7D%2C%5D%2C%0A%20%20foot%3A%7Btick%3A0%7D%0A%7D"" target=""_blank"">WaveDrom Link</a></p>",HTML
Points,10
Difficulty,1
Image,/imagepools/quantumbeef/dff_23_A.png
Hint,"<p><b>You can treat the edge cases as valid.</b> For example,                 if the input changes <i>exactly</i> 3 ns before the rising edge,                 that would not be a setup time violation.                Your wave for Q should have 30 characters and look                 something like ""xxxxxxxxxx11111111110000000000"".",HTML
Feedback,"<p>Here was the right answer: <a href=""https://dougsummerville.github.io/wavedrom/editor.html?%7B%20head%3A%7Btext%3A%27Non-Ideal%20DFF%20Diagram%20Answer%27%7D%2C%0Asignal%3A%0A%5B%0A%7Bname%3A%20%22clk%22%2C%20wave%3A%20%22000011111000001111100000111110%22%7D%2C%7Bname%3A%20%22D%22%2C%20wave%3A%20%22000001111111111111111000000111%22%7D%2C%7Bname%3A%20%22Q%22%2C%20wave%3A%20%22xxxxxxxxxxxxxxxxxxx11111111110%22%7D%2C%5D%2C%0A%20%20foot%3A%7Btick%3A0%7D%0A%7D"" target=""_blank"">WaveDrom Link</a></p>",HTML
ANSWER,100,"(?i:name\s*:\s*['""]Q['""]\s*,\s*wave\s*:\s*['""](?:x\.\.\.\.\.\.\.\.\.\.\.\.\.\.\.\.\.\.1\.\.\.\.\.\.\.\.\.0|xxxxxxxxxxxxxxxxxxx11111111110)['""])",regexp


NewQuestion,SA
Title,Non-Ideal DFF Timing Diagram
QuestionText,"<p>In this problem, the flip-flop is <i>not</i> ideal and has          the delays shown above.         Click on the link below to open the problem in WaveDrom. Complete the timing         diagram, and paste <b>all</b> your code into the answer box.</p>         <p><a href=""https://dougsummerville.github.io/wavedrom/editor.html?%7B%20head%3A%7Btext%3A%27Non-Ideal%20DFF%20Diagram%27%7D%2C%0Asignal%3A%0A%5B%0A%7Bname%3A%20%22clk%22%2C%20wave%3A%20%22000011111000001111100000111110%22%7D%2C%7Bname%3A%20%22D%22%2C%20wave%3A%20%22111111110011111100000000000000%22%7D%2C%7Bname%3A%20%22Q%22%2C%20wave%3A%20%27%27%7D%2C%5D%2C%0A%20%20foot%3A%7Btick%3A0%7D%0A%7D"" target=""_blank"">WaveDrom Link</a></p>",HTML
Points,10
Difficulty,1
Image,/imagepools/quantumbeef/dff_23_A.png
Hint,"<p><b>You can treat the edge cases as valid.</b> For example,                 if the input changes <i>exactly</i> 3 ns before the rising edge,                 that would not be a setup time violation.                Your wave for Q should have 30 characters and look                 something like ""xxxxxxxxxx11111111110000000000"".",HTML
Feedback,"<p>Here was the right answer: <a href=""https://dougsummerville.github.io/wavedrom/editor.html?%7B%20head%3A%7Btext%3A%27Non-Ideal%20DFF%20Diagram%20Answer%27%7D%2C%0Asignal%3A%0A%5B%0A%7Bname%3A%20%22clk%22%2C%20wave%3A%20%22000011111000001111100000111110%22%7D%2C%7Bname%3A%20%22D%22%2C%20wave%3A%20%22111111110011111100000000000000%22%7D%2C%7Bname%3A%20%22Q%22%2C%20wave%3A%20%22xxxxxxxxx111111111111111111110%22%7D%2C%5D%2C%0A%20%20foot%3A%7Btick%3A0%7D%0A%7D"" target=""_blank"">WaveDrom Link</a></p>",HTML
ANSWER,100,"(?i:name\s*:\s*['""]Q['""]\s*,\s*wave\s*:\s*['""](?:x\.\.\.\.\.\.\.\.1\.\.\.\.\.\.\.\.\.\.\.\.\.\.\.\.\.\.\.0|xxxxxxxxx111111111111111111110)['""])",regexp


NewQuestion,SA
Title,Non-Ideal DFF Timing Diagram
QuestionText,"<p>In this problem, the flip-flop is <i>not</i> ideal and has          the delays shown above.         Click on the link below to open the problem in WaveDrom. Complete the timing         diagram, and paste <b>all</b> your code into the answer box.</p>         <p><a href=""https://dougsummerville.github.io/wavedrom/editor.html?%7B%20head%3A%7Btext%3A%27Non-Ideal%20DFF%20Diagram%27%7D%2C%0Asignal%3A%0A%5B%0A%7Bname%3A%20%22clk%22%2C%20wave%3A%20%22000011111000001111100000111110%22%7D%2C%7Bname%3A%20%22D%22%2C%20wave%3A%20%22111111111111011110000000000000%22%7D%2C%7Bname%3A%20%22Q%22%2C%20wave%3A%20%27%27%7D%2C%5D%2C%0A%20%20foot%3A%7Btick%3A0%7D%0A%7D"" target=""_blank"">WaveDrom Link</a></p>",HTML
Points,10
Difficulty,1
Image,/imagepools/quantumbeef/dff_23_B.png
Hint,"<p><b>You can treat the edge cases as valid.</b> For example,                 if the input changes <i>exactly</i> 2 ns before the rising edge,                 that would not be a setup time violation.                Your wave for Q should have 30 characters and look                 something like ""xxxxxxxxxx11111111110000000000"".",HTML
Feedback,"<p>Here was the right answer: <a href=""https://dougsummerville.github.io/wavedrom/editor.html?%7B%20head%3A%7Btext%3A%27Non-Ideal%20DFF%20Diagram%20Answer%27%7D%2C%0Asignal%3A%0A%5B%0A%7Bname%3A%20%22clk%22%2C%20wave%3A%20%22000011111000001111100000111110%22%7D%2C%7Bname%3A%20%22D%22%2C%20wave%3A%20%22111111111111011110000000000000%22%7D%2C%7Bname%3A%20%22Q%22%2C%20wave%3A%20%22xxxxxxxx1111111111xxxxxxxxxx00%22%7D%2C%5D%2C%0A%20%20foot%3A%7Btick%3A0%7D%0A%7D"" target=""_blank"">WaveDrom Link</a></p>",HTML
ANSWER,100,"(?i:name\s*:\s*['""]Q['""]\s*,\s*wave\s*:\s*['""](?:x\.\.\.\.\.\.\.1\.\.\.\.\.\.\.\.\.x\.\.\.\.\.\.\.\.\.0\.|xxxxxxxx1111111111xxxxxxxxxx00)['""])",regexp


NewQuestion,SA
Title,Non-Ideal DFF Timing Diagram
QuestionText,"<p>In this problem, the flip-flop is <i>not</i> ideal and has          the delays shown above.         Click on the link below to open the problem in WaveDrom. Complete the timing         diagram, and paste <b>all</b> your code into the answer box.</p>         <p><a href=""https://dougsummerville.github.io/wavedrom/editor.html?%7B%20head%3A%7Btext%3A%27Non-Ideal%20DFF%20Diagram%27%7D%2C%0Asignal%3A%0A%5B%0A%7Bname%3A%20%22clk%22%2C%20wave%3A%20%22000011111000001111100000111110%22%7D%2C%7Bname%3A%20%22D%22%2C%20wave%3A%20%22011110000000000000000000000011%22%7D%2C%7Bname%3A%20%22Q%22%2C%20wave%3A%20%27%27%7D%2C%5D%2C%0A%20%20foot%3A%7Btick%3A0%7D%0A%7D"" target=""_blank"">WaveDrom Link</a></p>",HTML
Points,10
Difficulty,1
Image,/imagepools/quantumbeef/dff_23_B.png
Hint,"<p><b>You can treat the edge cases as valid.</b> For example,                 if the input changes <i>exactly</i> 2 ns before the rising edge,                 that would not be a setup time violation.                Your wave for Q should have 30 characters and look                 something like ""xxxxxxxxxx11111111110000000000"".",HTML
Feedback,"<p>Here was the right answer: <a href=""https://dougsummerville.github.io/wavedrom/editor.html?%7B%20head%3A%7Btext%3A%27Non-Ideal%20DFF%20Diagram%20Answer%27%7D%2C%0Asignal%3A%0A%5B%0A%7Bname%3A%20%22clk%22%2C%20wave%3A%20%22000011111000001111100000111110%22%7D%2C%7Bname%3A%20%22D%22%2C%20wave%3A%20%22011110000000000000000000000011%22%7D%2C%7Bname%3A%20%22Q%22%2C%20wave%3A%20%22xxxxxxxx1111111111000000000000%22%7D%2C%5D%2C%0A%20%20foot%3A%7Btick%3A0%7D%0A%7D"" target=""_blank"">WaveDrom Link</a></p>",HTML
ANSWER,100,"(?i:name\s*:\s*['""]Q['""]\s*,\s*wave\s*:\s*['""](?:x\.\.\.\.\.\.\.1\.\.\.\.\.\.\.\.\.0\.\.\.\.\.\.\.\.\.\.\.|xxxxxxxx1111111111000000000000)['""])",regexp


NewQuestion,SA
Title,Non-Ideal DFF Timing Diagram
QuestionText,"<p>In this problem, the flip-flop is <i>not</i> ideal and has          the delays shown above.         Click on the link below to open the problem in WaveDrom. Complete the timing         diagram, and paste <b>all</b> your code into the answer box.</p>         <p><a href=""https://dougsummerville.github.io/wavedrom/editor.html?%7B%20head%3A%7Btext%3A%27Non-Ideal%20DFF%20Diagram%27%7D%2C%0Asignal%3A%0A%5B%0A%7Bname%3A%20%22clk%22%2C%20wave%3A%20%22000011111000001111100000111110%22%7D%2C%7Bname%3A%20%22D%22%2C%20wave%3A%20%22100000000001111111111110000000%22%7D%2C%7Bname%3A%20%22Q%22%2C%20wave%3A%20%27%27%7D%2C%5D%2C%0A%20%20foot%3A%7Btick%3A0%7D%0A%7D"" target=""_blank"">WaveDrom Link</a></p>",HTML
Points,10
Difficulty,1
Image,/imagepools/quantumbeef/dff_23_B.png
Hint,"<p><b>You can treat the edge cases as valid.</b> For example,                 if the input changes <i>exactly</i> 2 ns before the rising edge,                 that would not be a setup time violation.                Your wave for Q should have 30 characters and look                 something like ""xxxxxxxxxx11111111110000000000"".",HTML
Feedback,"<p>Here was the right answer: <a href=""https://dougsummerville.github.io/wavedrom/editor.html?%7B%20head%3A%7Btext%3A%27Non-Ideal%20DFF%20Diagram%20Answer%27%7D%2C%0Asignal%3A%0A%5B%0A%7Bname%3A%20%22clk%22%2C%20wave%3A%20%22000011111000001111100000111110%22%7D%2C%7Bname%3A%20%22D%22%2C%20wave%3A%20%22100000000001111111111110000000%22%7D%2C%7Bname%3A%20%22Q%22%2C%20wave%3A%20%22xxxxxxxx00000000001111111111xx%22%7D%2C%5D%2C%0A%20%20foot%3A%7Btick%3A0%7D%0A%7D"" target=""_blank"">WaveDrom Link</a></p>",HTML
ANSWER,100,"(?i:name\s*:\s*['""]Q['""]\s*,\s*wave\s*:\s*['""](?:x\.\.\.\.\.\.\.0\.\.\.\.\.\.\.\.\.1\.\.\.\.\.\.\.\.\.x\.|xxxxxxxx00000000001111111111xx)['""])",regexp


NewQuestion,SA
Title,Non-Ideal DFF Timing Diagram
QuestionText,"<p>In this problem, the flip-flop is <i>not</i> ideal and has          the delays shown above.         Click on the link below to open the problem in WaveDrom. Complete the timing         diagram, and paste <b>all</b> your code into the answer box.</p>         <p><a href=""https://dougsummerville.github.io/wavedrom/editor.html?%7B%20head%3A%7Btext%3A%27Non-Ideal%20DFF%20Diagram%27%7D%2C%0Asignal%3A%0A%5B%0A%7Bname%3A%20%22clk%22%2C%20wave%3A%20%22000011111000001111100000111110%22%7D%2C%7Bname%3A%20%22D%22%2C%20wave%3A%20%22000000111111111110000111111111%22%7D%2C%7Bname%3A%20%22Q%22%2C%20wave%3A%20%27%27%7D%2C%5D%2C%0A%20%20foot%3A%7Btick%3A0%7D%0A%7D"" target=""_blank"">WaveDrom Link</a></p>",HTML
Points,10
Difficulty,1
Image,/imagepools/quantumbeef/dff_23_B.png
Hint,"<p><b>You can treat the edge cases as valid.</b> For example,                 if the input changes <i>exactly</i> 2 ns before the rising edge,                 that would not be a setup time violation.                Your wave for Q should have 30 characters and look                 something like ""xxxxxxxxxx11111111110000000000"".",HTML
Feedback,"<p>Here was the right answer: <a href=""https://dougsummerville.github.io/wavedrom/editor.html?%7B%20head%3A%7Btext%3A%27Non-Ideal%20DFF%20Diagram%20Answer%27%7D%2C%0Asignal%3A%0A%5B%0A%7Bname%3A%20%22clk%22%2C%20wave%3A%20%22000011111000001111100000111110%22%7D%2C%7Bname%3A%20%22D%22%2C%20wave%3A%20%22000000111111111110000111111111%22%7D%2C%7Bname%3A%20%22Q%22%2C%20wave%3A%20%22xxxxxxxx0000000000111111111111%22%7D%2C%5D%2C%0A%20%20foot%3A%7Btick%3A0%7D%0A%7D"" target=""_blank"">WaveDrom Link</a></p>",HTML
ANSWER,100,"(?i:name\s*:\s*['""]Q['""]\s*,\s*wave\s*:\s*['""](?:x\.\.\.\.\.\.\.0\.\.\.\.\.\.\.\.\.1\.\.\.\.\.\.\.\.\.\.\.|xxxxxxxx0000000000111111111111)['""])",regexp


NewQuestion,SA
Title,Non-Ideal DFF Timing Diagram
QuestionText,"<p>In this problem, the flip-flop is <i>not</i> ideal and has          the delays shown above.         Click on the link below to open the problem in WaveDrom. Complete the timing         diagram, and paste <b>all</b> your code into the answer box.</p>         <p><a href=""https://dougsummerville.github.io/wavedrom/editor.html?%7B%20head%3A%7Btext%3A%27Non-Ideal%20DFF%20Diagram%27%7D%2C%0Asignal%3A%0A%5B%0A%7Bname%3A%20%22clk%22%2C%20wave%3A%20%22000011111000001111100000111110%22%7D%2C%7Bname%3A%20%22D%22%2C%20wave%3A%20%22111111111111000011111111110000%22%7D%2C%7Bname%3A%20%22Q%22%2C%20wave%3A%20%27%27%7D%2C%5D%2C%0A%20%20foot%3A%7Btick%3A0%7D%0A%7D"" target=""_blank"">WaveDrom Link</a></p>",HTML
Points,10
Difficulty,1
Image,/imagepools/quantumbeef/dff_23_B.png
Hint,"<p><b>You can treat the edge cases as valid.</b> For example,                 if the input changes <i>exactly</i> 2 ns before the rising edge,                 that would not be a setup time violation.                Your wave for Q should have 30 characters and look                 something like ""xxxxxxxxxx11111111110000000000"".",HTML
Feedback,"<p>Here was the right answer: <a href=""https://dougsummerville.github.io/wavedrom/editor.html?%7B%20head%3A%7Btext%3A%27Non-Ideal%20DFF%20Diagram%20Answer%27%7D%2C%0Asignal%3A%0A%5B%0A%7Bname%3A%20%22clk%22%2C%20wave%3A%20%22000011111000001111100000111110%22%7D%2C%7Bname%3A%20%22D%22%2C%20wave%3A%20%22111111111111000011111111110000%22%7D%2C%7Bname%3A%20%22Q%22%2C%20wave%3A%20%22xxxxxxxx1111111111000000000011%22%7D%2C%5D%2C%0A%20%20foot%3A%7Btick%3A0%7D%0A%7D"" target=""_blank"">WaveDrom Link</a></p>",HTML
ANSWER,100,"(?i:name\s*:\s*['""]Q['""]\s*,\s*wave\s*:\s*['""](?:x\.\.\.\.\.\.\.1\.\.\.\.\.\.\.\.\.0\.\.\.\.\.\.\.\.\.1\.|xxxxxxxx1111111111000000000011)['""])",regexp


NewQuestion,SA
Title,Non-Ideal DFF Timing Diagram
QuestionText,"<p>In this problem, the flip-flop is <i>not</i> ideal and has          the delays shown above.         Click on the link below to open the problem in WaveDrom. Complete the timing         diagram, and paste <b>all</b> your code into the answer box.</p>         <p><a href=""https://dougsummerville.github.io/wavedrom/editor.html?%7B%20head%3A%7Btext%3A%27Non-Ideal%20DFF%20Diagram%27%7D%2C%0Asignal%3A%0A%5B%0A%7Bname%3A%20%22clk%22%2C%20wave%3A%20%22000011111000001111100000111110%22%7D%2C%7Bname%3A%20%22D%22%2C%20wave%3A%20%22000000000000111111110000011111%22%7D%2C%7Bname%3A%20%22Q%22%2C%20wave%3A%20%27%27%7D%2C%5D%2C%0A%20%20foot%3A%7Btick%3A0%7D%0A%7D"" target=""_blank"">WaveDrom Link</a></p>",HTML
Points,10
Difficulty,1
Image,/imagepools/quantumbeef/dff_23_B.png
Hint,"<p><b>You can treat the edge cases as valid.</b> For example,                 if the input changes <i>exactly</i> 2 ns before the rising edge,                 that would not be a setup time violation.                Your wave for Q should have 30 characters and look                 something like ""xxxxxxxxxx11111111110000000000"".",HTML
Feedback,"<p>Here was the right answer: <a href=""https://dougsummerville.github.io/wavedrom/editor.html?%7B%20head%3A%7Btext%3A%27Non-Ideal%20DFF%20Diagram%20Answer%27%7D%2C%0Asignal%3A%0A%5B%0A%7Bname%3A%20%22clk%22%2C%20wave%3A%20%22000011111000001111100000111110%22%7D%2C%7Bname%3A%20%22D%22%2C%20wave%3A%20%22000000000000111111110000011111%22%7D%2C%7Bname%3A%20%22Q%22%2C%20wave%3A%20%22xxxxxxxx0000000000111111111100%22%7D%2C%5D%2C%0A%20%20foot%3A%7Btick%3A0%7D%0A%7D"" target=""_blank"">WaveDrom Link</a></p>",HTML
ANSWER,100,"(?i:name\s*:\s*['""]Q['""]\s*,\s*wave\s*:\s*['""](?:x\.\.\.\.\.\.\.0\.\.\.\.\.\.\.\.\.1\.\.\.\.\.\.\.\.\.0\.|xxxxxxxx0000000000111111111100)['""])",regexp


NewQuestion,SA
Title,Non-Ideal DFF Timing Diagram
QuestionText,"<p>In this problem, the flip-flop is <i>not</i> ideal and has          the delays shown above.         Click on the link below to open the problem in WaveDrom. Complete the timing         diagram, and paste <b>all</b> your code into the answer box.</p>         <p><a href=""https://dougsummerville.github.io/wavedrom/editor.html?%7B%20head%3A%7Btext%3A%27Non-Ideal%20DFF%20Diagram%27%7D%2C%0Asignal%3A%0A%5B%0A%7Bname%3A%20%22clk%22%2C%20wave%3A%20%22000011111000001111100000111110%22%7D%2C%7Bname%3A%20%22D%22%2C%20wave%3A%20%22000000011111111111111111000111%22%7D%2C%7Bname%3A%20%22Q%22%2C%20wave%3A%20%27%27%7D%2C%5D%2C%0A%20%20foot%3A%7Btick%3A0%7D%0A%7D"" target=""_blank"">WaveDrom Link</a></p>",HTML
Points,10
Difficulty,1
Image,/imagepools/quantumbeef/dff_23_B.png
Hint,"<p><b>You can treat the edge cases as valid.</b> For example,                 if the input changes <i>exactly</i> 2 ns before the rising edge,                 that would not be a setup time violation.                Your wave for Q should have 30 characters and look                 something like ""xxxxxxxxxx11111111110000000000"".",HTML
Feedback,"<p>Here was the right answer: <a href=""https://dougsummerville.github.io/wavedrom/editor.html?%7B%20head%3A%7Btext%3A%27Non-Ideal%20DFF%20Diagram%20Answer%27%7D%2C%0Asignal%3A%0A%5B%0A%7Bname%3A%20%22clk%22%2C%20wave%3A%20%22000011111000001111100000111110%22%7D%2C%7Bname%3A%20%22D%22%2C%20wave%3A%20%22000000011111111111111111000111%22%7D%2C%7Bname%3A%20%22Q%22%2C%20wave%3A%20%22xxxxxxxx00000000001111111111xx%22%7D%2C%5D%2C%0A%20%20foot%3A%7Btick%3A0%7D%0A%7D"" target=""_blank"">WaveDrom Link</a></p>",HTML
ANSWER,100,"(?i:name\s*:\s*['""]Q['""]\s*,\s*wave\s*:\s*['""](?:x\.\.\.\.\.\.\.0\.\.\.\.\.\.\.\.\.1\.\.\.\.\.\.\.\.\.x\.|xxxxxxxx00000000001111111111xx)['""])",regexp


NewQuestion,SA
Title,Non-Ideal DFF Timing Diagram
QuestionText,"<p>In this problem, the flip-flop is <i>not</i> ideal and has          the delays shown above.         Click on the link below to open the problem in WaveDrom. Complete the timing         diagram, and paste <b>all</b> your code into the answer box.</p>         <p><a href=""https://dougsummerville.github.io/wavedrom/editor.html?%7B%20head%3A%7Btext%3A%27Non-Ideal%20DFF%20Diagram%27%7D%2C%0Asignal%3A%0A%5B%0A%7Bname%3A%20%22clk%22%2C%20wave%3A%20%22000011111000001111100000111110%22%7D%2C%7Bname%3A%20%22D%22%2C%20wave%3A%20%22000100000000000000111111111111%22%7D%2C%7Bname%3A%20%22Q%22%2C%20wave%3A%20%27%27%7D%2C%5D%2C%0A%20%20foot%3A%7Btick%3A0%7D%0A%7D"" target=""_blank"">WaveDrom Link</a></p>",HTML
Points,10
Difficulty,1
Image,/imagepools/quantumbeef/dff_23_B.png
Hint,"<p><b>You can treat the edge cases as valid.</b> For example,                 if the input changes <i>exactly</i> 2 ns before the rising edge,                 that would not be a setup time violation.                Your wave for Q should have 30 characters and look                 something like ""xxxxxxxxxx11111111110000000000"".",HTML
Feedback,"<p>Here was the right answer: <a href=""https://dougsummerville.github.io/wavedrom/editor.html?%7B%20head%3A%7Btext%3A%27Non-Ideal%20DFF%20Diagram%20Answer%27%7D%2C%0Asignal%3A%0A%5B%0A%7Bname%3A%20%22clk%22%2C%20wave%3A%20%22000011111000001111100000111110%22%7D%2C%7Bname%3A%20%22D%22%2C%20wave%3A%20%22000100000000000000111111111111%22%7D%2C%7Bname%3A%20%22Q%22%2C%20wave%3A%20%22xxxxxxxxxxxxxxxxxx000000000011%22%7D%2C%5D%2C%0A%20%20foot%3A%7Btick%3A0%7D%0A%7D"" target=""_blank"">WaveDrom Link</a></p>",HTML
ANSWER,100,"(?i:name\s*:\s*['""]Q['""]\s*,\s*wave\s*:\s*['""](?:x\.\.\.\.\.\.\.\.\.\.\.\.\.\.\.\.\.0\.\.\.\.\.\.\.\.\.1\.|xxxxxxxxxxxxxxxxxx000000000011)['""])",regexp


NewQuestion,SA
Title,Non-Ideal DFF Timing Diagram
QuestionText,"<p>In this problem, the flip-flop is <i>not</i> ideal and has          the delays shown above.         Click on the link below to open the problem in WaveDrom. Complete the timing         diagram, and paste <b>all</b> your code into the answer box.</p>         <p><a href=""https://dougsummerville.github.io/wavedrom/editor.html?%7B%20head%3A%7Btext%3A%27Non-Ideal%20DFF%20Diagram%27%7D%2C%0Asignal%3A%0A%5B%0A%7Bname%3A%20%22clk%22%2C%20wave%3A%20%22000011111000001111100000111110%22%7D%2C%7Bname%3A%20%22D%22%2C%20wave%3A%20%22000000000000000000011111100011%22%7D%2C%7Bname%3A%20%22Q%22%2C%20wave%3A%20%27%27%7D%2C%5D%2C%0A%20%20foot%3A%7Btick%3A0%7D%0A%7D"" target=""_blank"">WaveDrom Link</a></p>",HTML
Points,10
Difficulty,1
Image,/imagepools/quantumbeef/dff_23_B.png
Hint,"<p><b>You can treat the edge cases as valid.</b> For example,                 if the input changes <i>exactly</i> 2 ns before the rising edge,                 that would not be a setup time violation.                Your wave for Q should have 30 characters and look                 something like ""xxxxxxxxxx11111111110000000000"".",HTML
Feedback,"<p>Here was the right answer: <a href=""https://dougsummerville.github.io/wavedrom/editor.html?%7B%20head%3A%7Btext%3A%27Non-Ideal%20DFF%20Diagram%20Answer%27%7D%2C%0Asignal%3A%0A%5B%0A%7Bname%3A%20%22clk%22%2C%20wave%3A%20%22000011111000001111100000111110%22%7D%2C%7Bname%3A%20%22D%22%2C%20wave%3A%20%22000000000000000000011111100011%22%7D%2C%7Bname%3A%20%22Q%22%2C%20wave%3A%20%22xxxxxxxx0000000000000000000011%22%7D%2C%5D%2C%0A%20%20foot%3A%7Btick%3A0%7D%0A%7D"" target=""_blank"">WaveDrom Link</a></p>",HTML
ANSWER,100,"(?i:name\s*:\s*['""]Q['""]\s*,\s*wave\s*:\s*['""](?:x\.\.\.\.\.\.\.0\.\.\.\.\.\.\.\.\.\.\.\.\.\.\.\.\.\.\.1\.|xxxxxxxx0000000000000000000011)['""])",regexp


NewQuestion,SA
Title,Non-Ideal DFF Timing Diagram
QuestionText,"<p>In this problem, the flip-flop is <i>not</i> ideal and has          the delays shown above.         Click on the link below to open the problem in WaveDrom. Complete the timing         diagram, and paste <b>all</b> your code into the answer box.</p>         <p><a href=""https://dougsummerville.github.io/wavedrom/editor.html?%7B%20head%3A%7Btext%3A%27Non-Ideal%20DFF%20Diagram%27%7D%2C%0Asignal%3A%0A%5B%0A%7Bname%3A%20%22clk%22%2C%20wave%3A%20%22000011111000001111100000111110%22%7D%2C%7Bname%3A%20%22D%22%2C%20wave%3A%20%22000000000000001111110111111111%22%7D%2C%7Bname%3A%20%22Q%22%2C%20wave%3A%20%27%27%7D%2C%5D%2C%0A%20%20foot%3A%7Btick%3A0%7D%0A%7D"" target=""_blank"">WaveDrom Link</a></p>",HTML
Points,10
Difficulty,1
Image,/imagepools/quantumbeef/dff_23_B.png
Hint,"<p><b>You can treat the edge cases as valid.</b> For example,                 if the input changes <i>exactly</i> 2 ns before the rising edge,                 that would not be a setup time violation.                Your wave for Q should have 30 characters and look                 something like ""xxxxxxxxxx11111111110000000000"".",HTML
Feedback,"<p>Here was the right answer: <a href=""https://dougsummerville.github.io/wavedrom/editor.html?%7B%20head%3A%7Btext%3A%27Non-Ideal%20DFF%20Diagram%20Answer%27%7D%2C%0Asignal%3A%0A%5B%0A%7Bname%3A%20%22clk%22%2C%20wave%3A%20%22000011111000001111100000111110%22%7D%2C%7Bname%3A%20%22D%22%2C%20wave%3A%20%22000000000000001111110111111111%22%7D%2C%7Bname%3A%20%22Q%22%2C%20wave%3A%20%22xxxxxxxx0000000000xxxxxxxxxx11%22%7D%2C%5D%2C%0A%20%20foot%3A%7Btick%3A0%7D%0A%7D"" target=""_blank"">WaveDrom Link</a></p>",HTML
ANSWER,100,"(?i:name\s*:\s*['""]Q['""]\s*,\s*wave\s*:\s*['""](?:x\.\.\.\.\.\.\.0\.\.\.\.\.\.\.\.\.x\.\.\.\.\.\.\.\.\.1\.|xxxxxxxx0000000000xxxxxxxxxx11)['""])",regexp


NewQuestion,SA
Title,Non-Ideal DFF Timing Diagram
QuestionText,"<p>In this problem, the flip-flop is <i>not</i> ideal and has          the delays shown above.         Click on the link below to open the problem in WaveDrom. Complete the timing         diagram, and paste <b>all</b> your code into the answer box.</p>         <p><a href=""https://dougsummerville.github.io/wavedrom/editor.html?%7B%20head%3A%7Btext%3A%27Non-Ideal%20DFF%20Diagram%27%7D%2C%0Asignal%3A%0A%5B%0A%7Bname%3A%20%22clk%22%2C%20wave%3A%20%22000011111000001111100000111110%22%7D%2C%7Bname%3A%20%22D%22%2C%20wave%3A%20%22111111111000000000001111000000%22%7D%2C%7Bname%3A%20%22Q%22%2C%20wave%3A%20%27%27%7D%2C%5D%2C%0A%20%20foot%3A%7Btick%3A0%7D%0A%7D"" target=""_blank"">WaveDrom Link</a></p>",HTML
Points,10
Difficulty,1
Image,/imagepools/quantumbeef/dff_23_C.png
Hint,"<p><b>You can treat the edge cases as valid.</b> For example,                 if the input changes <i>exactly</i> 3 ns before the rising edge,                 that would not be a setup time violation.                Your wave for Q should have 30 characters and look                 something like ""xxxxxxxxxx11111111110000000000"".",HTML
Feedback,"<p>Here was the right answer: <a href=""https://dougsummerville.github.io/wavedrom/editor.html?%7B%20head%3A%7Btext%3A%27Non-Ideal%20DFF%20Diagram%20Answer%27%7D%2C%0Asignal%3A%0A%5B%0A%7Bname%3A%20%22clk%22%2C%20wave%3A%20%22000011111000001111100000111110%22%7D%2C%7Bname%3A%20%22D%22%2C%20wave%3A%20%22111111111000000000001111000000%22%7D%2C%7Bname%3A%20%22Q%22%2C%20wave%3A%20%22xxxxxxxxxx11111111110000000000%22%7D%2C%5D%2C%0A%20%20foot%3A%7Btick%3A0%7D%0A%7D"" target=""_blank"">WaveDrom Link</a></p>",HTML
ANSWER,100,"(?i:name\s*:\s*['""]Q['""]\s*,\s*wave\s*:\s*['""](?:x\.\.\.\.\.\.\.\.\.1\.\.\.\.\.\.\.\.\.0\.\.\.\.\.\.\.\.\.|xxxxxxxxxx11111111110000000000)['""])",regexp


NewQuestion,SA
Title,Non-Ideal DFF Timing Diagram
QuestionText,"<p>In this problem, the flip-flop is <i>not</i> ideal and has          the delays shown above.         Click on the link below to open the problem in WaveDrom. Complete the timing         diagram, and paste <b>all</b> your code into the answer box.</p>         <p><a href=""https://dougsummerville.github.io/wavedrom/editor.html?%7B%20head%3A%7Btext%3A%27Non-Ideal%20DFF%20Diagram%27%7D%2C%0Asignal%3A%0A%5B%0A%7Bname%3A%20%22clk%22%2C%20wave%3A%20%22000011111000001111100000111110%22%7D%2C%7Bname%3A%20%22D%22%2C%20wave%3A%20%22000000111111111111110001111111%22%7D%2C%7Bname%3A%20%22Q%22%2C%20wave%3A%20%27%27%7D%2C%5D%2C%0A%20%20foot%3A%7Btick%3A0%7D%0A%7D"" target=""_blank"">WaveDrom Link</a></p>",HTML
Points,10
Difficulty,1
Image,/imagepools/quantumbeef/dff_23_C.png
Hint,"<p><b>You can treat the edge cases as valid.</b> For example,                 if the input changes <i>exactly</i> 3 ns before the rising edge,                 that would not be a setup time violation.                Your wave for Q should have 30 characters and look                 something like ""xxxxxxxxxx11111111110000000000"".",HTML
Feedback,"<p>Here was the right answer: <a href=""https://dougsummerville.github.io/wavedrom/editor.html?%7B%20head%3A%7Btext%3A%27Non-Ideal%20DFF%20Diagram%20Answer%27%7D%2C%0Asignal%3A%0A%5B%0A%7Bname%3A%20%22clk%22%2C%20wave%3A%20%22000011111000001111100000111110%22%7D%2C%7Bname%3A%20%22D%22%2C%20wave%3A%20%22000000111111111111110001111111%22%7D%2C%7Bname%3A%20%22Q%22%2C%20wave%3A%20%22xxxxxxxxxx00000000001111111111%22%7D%2C%5D%2C%0A%20%20foot%3A%7Btick%3A0%7D%0A%7D"" target=""_blank"">WaveDrom Link</a></p>",HTML
ANSWER,100,"(?i:name\s*:\s*['""]Q['""]\s*,\s*wave\s*:\s*['""](?:x\.\.\.\.\.\.\.\.\.0\.\.\.\.\.\.\.\.\.1\.\.\.\.\.\.\.\.\.|xxxxxxxxxx00000000001111111111)['""])",regexp


NewQuestion,SA
Title,Non-Ideal DFF Timing Diagram
QuestionText,"<p>In this problem, the flip-flop is <i>not</i> ideal and has          the delays shown above.         Click on the link below to open the problem in WaveDrom. Complete the timing         diagram, and paste <b>all</b> your code into the answer box.</p>         <p><a href=""https://dougsummerville.github.io/wavedrom/editor.html?%7B%20head%3A%7Btext%3A%27Non-Ideal%20DFF%20Diagram%27%7D%2C%0Asignal%3A%0A%5B%0A%7Bname%3A%20%22clk%22%2C%20wave%3A%20%22000011111000001111100000111110%22%7D%2C%7Bname%3A%20%22D%22%2C%20wave%3A%20%22100000011111111111000000000000%22%7D%2C%7Bname%3A%20%22Q%22%2C%20wave%3A%20%27%27%7D%2C%5D%2C%0A%20%20foot%3A%7Btick%3A0%7D%0A%7D"" target=""_blank"">WaveDrom Link</a></p>",HTML
Points,10
Difficulty,1
Image,/imagepools/quantumbeef/dff_23_C.png
Hint,"<p><b>You can treat the edge cases as valid.</b> For example,                 if the input changes <i>exactly</i> 3 ns before the rising edge,                 that would not be a setup time violation.                Your wave for Q should have 30 characters and look                 something like ""xxxxxxxxxx11111111110000000000"".",HTML
Feedback,"<p>Here was the right answer: <a href=""https://dougsummerville.github.io/wavedrom/editor.html?%7B%20head%3A%7Btext%3A%27Non-Ideal%20DFF%20Diagram%20Answer%27%7D%2C%0Asignal%3A%0A%5B%0A%7Bname%3A%20%22clk%22%2C%20wave%3A%20%22000011111000001111100000111110%22%7D%2C%7Bname%3A%20%22D%22%2C%20wave%3A%20%22100000011111111111000000000000%22%7D%2C%7Bname%3A%20%22Q%22%2C%20wave%3A%20%22xxxxxxxxxx00000000001111111111%22%7D%2C%5D%2C%0A%20%20foot%3A%7Btick%3A0%7D%0A%7D"" target=""_blank"">WaveDrom Link</a></p>",HTML
ANSWER,100,"(?i:name\s*:\s*['""]Q['""]\s*,\s*wave\s*:\s*['""](?:x\.\.\.\.\.\.\.\.\.0\.\.\.\.\.\.\.\.\.1\.\.\.\.\.\.\.\.\.|xxxxxxxxxx00000000001111111111)['""])",regexp


NewQuestion,SA
Title,Non-Ideal DFF Timing Diagram
QuestionText,"<p>In this problem, the flip-flop is <i>not</i> ideal and has          the delays shown above.         Click on the link below to open the problem in WaveDrom. Complete the timing         diagram, and paste <b>all</b> your code into the answer box.</p>         <p><a href=""https://dougsummerville.github.io/wavedrom/editor.html?%7B%20head%3A%7Btext%3A%27Non-Ideal%20DFF%20Diagram%27%7D%2C%0Asignal%3A%0A%5B%0A%7Bname%3A%20%22clk%22%2C%20wave%3A%20%22000011111000001111100000111110%22%7D%2C%7Bname%3A%20%22D%22%2C%20wave%3A%20%22000000000111111110000000000001%22%7D%2C%7Bname%3A%20%22Q%22%2C%20wave%3A%20%27%27%7D%2C%5D%2C%0A%20%20foot%3A%7Btick%3A0%7D%0A%7D"" target=""_blank"">WaveDrom Link</a></p>",HTML
Points,10
Difficulty,1
Image,/imagepools/quantumbeef/dff_23_C.png
Hint,"<p><b>You can treat the edge cases as valid.</b> For example,                 if the input changes <i>exactly</i> 3 ns before the rising edge,                 that would not be a setup time violation.                Your wave for Q should have 30 characters and look                 something like ""xxxxxxxxxx11111111110000000000"".",HTML
Feedback,"<p>Here was the right answer: <a href=""https://dougsummerville.github.io/wavedrom/editor.html?%7B%20head%3A%7Btext%3A%27Non-Ideal%20DFF%20Diagram%20Answer%27%7D%2C%0Asignal%3A%0A%5B%0A%7Bname%3A%20%22clk%22%2C%20wave%3A%20%22000011111000001111100000111110%22%7D%2C%7Bname%3A%20%22D%22%2C%20wave%3A%20%22000000000111111110000000000001%22%7D%2C%7Bname%3A%20%22Q%22%2C%20wave%3A%20%22xxxxxxxxxx00000000001111111111%22%7D%2C%5D%2C%0A%20%20foot%3A%7Btick%3A0%7D%0A%7D"" target=""_blank"">WaveDrom Link</a></p>",HTML
ANSWER,100,"(?i:name\s*:\s*['""]Q['""]\s*,\s*wave\s*:\s*['""](?:x\.\.\.\.\.\.\.\.\.0\.\.\.\.\.\.\.\.\.1\.\.\.\.\.\.\.\.\.|xxxxxxxxxx00000000001111111111)['""])",regexp


NewQuestion,SA
Title,Non-Ideal DFF Timing Diagram
QuestionText,"<p>In this problem, the flip-flop is <i>not</i> ideal and has          the delays shown above.         Click on the link below to open the problem in WaveDrom. Complete the timing         diagram, and paste <b>all</b> your code into the answer box.</p>         <p><a href=""https://dougsummerville.github.io/wavedrom/editor.html?%7B%20head%3A%7Btext%3A%27Non-Ideal%20DFF%20Diagram%27%7D%2C%0Asignal%3A%0A%5B%0A%7Bname%3A%20%22clk%22%2C%20wave%3A%20%22000011111000001111100000111110%22%7D%2C%7Bname%3A%20%22D%22%2C%20wave%3A%20%22000000011111111111000000001111%22%7D%2C%7Bname%3A%20%22Q%22%2C%20wave%3A%20%27%27%7D%2C%5D%2C%0A%20%20foot%3A%7Btick%3A0%7D%0A%7D"" target=""_blank"">WaveDrom Link</a></p>",HTML
Points,10
Difficulty,1
Image,/imagepools/quantumbeef/dff_23_C.png
Hint,"<p><b>You can treat the edge cases as valid.</b> For example,                 if the input changes <i>exactly</i> 3 ns before the rising edge,                 that would not be a setup time violation.                Your wave for Q should have 30 characters and look                 something like ""xxxxxxxxxx11111111110000000000"".",HTML
Feedback,"<p>Here was the right answer: <a href=""https://dougsummerville.github.io/wavedrom/editor.html?%7B%20head%3A%7Btext%3A%27Non-Ideal%20DFF%20Diagram%20Answer%27%7D%2C%0Asignal%3A%0A%5B%0A%7Bname%3A%20%22clk%22%2C%20wave%3A%20%22000011111000001111100000111110%22%7D%2C%7Bname%3A%20%22D%22%2C%20wave%3A%20%22000000011111111111000000001111%22%7D%2C%7Bname%3A%20%22Q%22%2C%20wave%3A%20%22xxxxxxxxxx00000000001111111111%22%7D%2C%5D%2C%0A%20%20foot%3A%7Btick%3A0%7D%0A%7D"" target=""_blank"">WaveDrom Link</a></p>",HTML
ANSWER,100,"(?i:name\s*:\s*['""]Q['""]\s*,\s*wave\s*:\s*['""](?:x\.\.\.\.\.\.\.\.\.0\.\.\.\.\.\.\.\.\.1\.\.\.\.\.\.\.\.\.|xxxxxxxxxx00000000001111111111)['""])",regexp


NewQuestion,SA
Title,Non-Ideal DFF Timing Diagram
QuestionText,"<p>In this problem, the flip-flop is <i>not</i> ideal and has          the delays shown above.         Click on the link below to open the problem in WaveDrom. Complete the timing         diagram, and paste <b>all</b> your code into the answer box.</p>         <p><a href=""https://dougsummerville.github.io/wavedrom/editor.html?%7B%20head%3A%7Btext%3A%27Non-Ideal%20DFF%20Diagram%27%7D%2C%0Asignal%3A%0A%5B%0A%7Bname%3A%20%22clk%22%2C%20wave%3A%20%22000011111000001111100000111110%22%7D%2C%7Bname%3A%20%22D%22%2C%20wave%3A%20%22000000111111111111100000001111%22%7D%2C%7Bname%3A%20%22Q%22%2C%20wave%3A%20%27%27%7D%2C%5D%2C%0A%20%20foot%3A%7Btick%3A0%7D%0A%7D"" target=""_blank"">WaveDrom Link</a></p>",HTML
Points,10
Difficulty,1
Image,/imagepools/quantumbeef/dff_23_C.png
Hint,"<p><b>You can treat the edge cases as valid.</b> For example,                 if the input changes <i>exactly</i> 3 ns before the rising edge,                 that would not be a setup time violation.                Your wave for Q should have 30 characters and look                 something like ""xxxxxxxxxx11111111110000000000"".",HTML
Feedback,"<p>Here was the right answer: <a href=""https://dougsummerville.github.io/wavedrom/editor.html?%7B%20head%3A%7Btext%3A%27Non-Ideal%20DFF%20Diagram%20Answer%27%7D%2C%0Asignal%3A%0A%5B%0A%7Bname%3A%20%22clk%22%2C%20wave%3A%20%22000011111000001111100000111110%22%7D%2C%7Bname%3A%20%22D%22%2C%20wave%3A%20%22000000111111111111100000001111%22%7D%2C%7Bname%3A%20%22Q%22%2C%20wave%3A%20%22xxxxxxxxxx00000000001111111111%22%7D%2C%5D%2C%0A%20%20foot%3A%7Btick%3A0%7D%0A%7D"" target=""_blank"">WaveDrom Link</a></p>",HTML
ANSWER,100,"(?i:name\s*:\s*['""]Q['""]\s*,\s*wave\s*:\s*['""](?:x\.\.\.\.\.\.\.\.\.0\.\.\.\.\.\.\.\.\.1\.\.\.\.\.\.\.\.\.|xxxxxxxxxx00000000001111111111)['""])",regexp


NewQuestion,SA
Title,Non-Ideal DFF Timing Diagram
QuestionText,"<p>In this problem, the flip-flop is <i>not</i> ideal and has          the delays shown above.         Click on the link below to open the problem in WaveDrom. Complete the timing         diagram, and paste <b>all</b> your code into the answer box.</p>         <p><a href=""https://dougsummerville.github.io/wavedrom/editor.html?%7B%20head%3A%7Btext%3A%27Non-Ideal%20DFF%20Diagram%27%7D%2C%0Asignal%3A%0A%5B%0A%7Bname%3A%20%22clk%22%2C%20wave%3A%20%22000011111000001111100000111110%22%7D%2C%7Bname%3A%20%22D%22%2C%20wave%3A%20%22000000111111111111000001111111%22%7D%2C%7Bname%3A%20%22Q%22%2C%20wave%3A%20%27%27%7D%2C%5D%2C%0A%20%20foot%3A%7Btick%3A0%7D%0A%7D"" target=""_blank"">WaveDrom Link</a></p>",HTML
Points,10
Difficulty,1
Image,/imagepools/quantumbeef/dff_23_C.png
Hint,"<p><b>You can treat the edge cases as valid.</b> For example,                 if the input changes <i>exactly</i> 3 ns before the rising edge,                 that would not be a setup time violation.                Your wave for Q should have 30 characters and look                 something like ""xxxxxxxxxx11111111110000000000"".",HTML
Feedback,"<p>Here was the right answer: <a href=""https://dougsummerville.github.io/wavedrom/editor.html?%7B%20head%3A%7Btext%3A%27Non-Ideal%20DFF%20Diagram%20Answer%27%7D%2C%0Asignal%3A%0A%5B%0A%7Bname%3A%20%22clk%22%2C%20wave%3A%20%22000011111000001111100000111110%22%7D%2C%7Bname%3A%20%22D%22%2C%20wave%3A%20%22000000111111111111000001111111%22%7D%2C%7Bname%3A%20%22Q%22%2C%20wave%3A%20%22xxxxxxxxxx00000000001111111111%22%7D%2C%5D%2C%0A%20%20foot%3A%7Btick%3A0%7D%0A%7D"" target=""_blank"">WaveDrom Link</a></p>",HTML
ANSWER,100,"(?i:name\s*:\s*['""]Q['""]\s*,\s*wave\s*:\s*['""](?:x\.\.\.\.\.\.\.\.\.0\.\.\.\.\.\.\.\.\.1\.\.\.\.\.\.\.\.\.|xxxxxxxxxx00000000001111111111)['""])",regexp


NewQuestion,SA
Title,Non-Ideal DFF Timing Diagram
QuestionText,"<p>In this problem, the flip-flop is <i>not</i> ideal and has          the delays shown above.         Click on the link below to open the problem in WaveDrom. Complete the timing         diagram, and paste <b>all</b> your code into the answer box.</p>         <p><a href=""https://dougsummerville.github.io/wavedrom/editor.html?%7B%20head%3A%7Btext%3A%27Non-Ideal%20DFF%20Diagram%27%7D%2C%0Asignal%3A%0A%5B%0A%7Bname%3A%20%22clk%22%2C%20wave%3A%20%22000011111000001111100000111110%22%7D%2C%7Bname%3A%20%22D%22%2C%20wave%3A%20%22111111000000000000000001111000%22%7D%2C%7Bname%3A%20%22Q%22%2C%20wave%3A%20%27%27%7D%2C%5D%2C%0A%20%20foot%3A%7Btick%3A0%7D%0A%7D"" target=""_blank"">WaveDrom Link</a></p>",HTML
Points,10
Difficulty,1
Image,/imagepools/quantumbeef/dff_23_C.png
Hint,"<p><b>You can treat the edge cases as valid.</b> For example,                 if the input changes <i>exactly</i> 3 ns before the rising edge,                 that would not be a setup time violation.                Your wave for Q should have 30 characters and look                 something like ""xxxxxxxxxx11111111110000000000"".",HTML
Feedback,"<p>Here was the right answer: <a href=""https://dougsummerville.github.io/wavedrom/editor.html?%7B%20head%3A%7Btext%3A%27Non-Ideal%20DFF%20Diagram%20Answer%27%7D%2C%0Asignal%3A%0A%5B%0A%7Bname%3A%20%22clk%22%2C%20wave%3A%20%22000011111000001111100000111110%22%7D%2C%7Bname%3A%20%22D%22%2C%20wave%3A%20%22111111000000000000000001111000%22%7D%2C%7Bname%3A%20%22Q%22%2C%20wave%3A%20%22xxxxxxxxxx11111111110000000000%22%7D%2C%5D%2C%0A%20%20foot%3A%7Btick%3A0%7D%0A%7D"" target=""_blank"">WaveDrom Link</a></p>",HTML
ANSWER,100,"(?i:name\s*:\s*['""]Q['""]\s*,\s*wave\s*:\s*['""](?:x\.\.\.\.\.\.\.\.\.1\.\.\.\.\.\.\.\.\.0\.\.\.\.\.\.\.\.\.|xxxxxxxxxx11111111110000000000)['""])",regexp


NewQuestion,SA
Title,Non-Ideal DFF Timing Diagram
QuestionText,"<p>In this problem, the flip-flop is <i>not</i> ideal and has          the delays shown above.         Click on the link below to open the problem in WaveDrom. Complete the timing         diagram, and paste <b>all</b> your code into the answer box.</p>         <p><a href=""https://dougsummerville.github.io/wavedrom/editor.html?%7B%20head%3A%7Btext%3A%27Non-Ideal%20DFF%20Diagram%27%7D%2C%0Asignal%3A%0A%5B%0A%7Bname%3A%20%22clk%22%2C%20wave%3A%20%22000011111000001111100000111110%22%7D%2C%7Bname%3A%20%22D%22%2C%20wave%3A%20%22000000001111111111110000011111%22%7D%2C%7Bname%3A%20%22Q%22%2C%20wave%3A%20%27%27%7D%2C%5D%2C%0A%20%20foot%3A%7Btick%3A0%7D%0A%7D"" target=""_blank"">WaveDrom Link</a></p>",HTML
Points,10
Difficulty,1
Image,/imagepools/quantumbeef/dff_23_C.png
Hint,"<p><b>You can treat the edge cases as valid.</b> For example,                 if the input changes <i>exactly</i> 3 ns before the rising edge,                 that would not be a setup time violation.                Your wave for Q should have 30 characters and look                 something like ""xxxxxxxxxx11111111110000000000"".",HTML
Feedback,"<p>Here was the right answer: <a href=""https://dougsummerville.github.io/wavedrom/editor.html?%7B%20head%3A%7Btext%3A%27Non-Ideal%20DFF%20Diagram%20Answer%27%7D%2C%0Asignal%3A%0A%5B%0A%7Bname%3A%20%22clk%22%2C%20wave%3A%20%22000011111000001111100000111110%22%7D%2C%7Bname%3A%20%22D%22%2C%20wave%3A%20%22000000001111111111110000011111%22%7D%2C%7Bname%3A%20%22Q%22%2C%20wave%3A%20%22xxxxxxxxxx00000000001111111111%22%7D%2C%5D%2C%0A%20%20foot%3A%7Btick%3A0%7D%0A%7D"" target=""_blank"">WaveDrom Link</a></p>",HTML
ANSWER,100,"(?i:name\s*:\s*['""]Q['""]\s*,\s*wave\s*:\s*['""](?:x\.\.\.\.\.\.\.\.\.0\.\.\.\.\.\.\.\.\.1\.\.\.\.\.\.\.\.\.|xxxxxxxxxx00000000001111111111)['""])",regexp


NewQuestion,SA
Title,Non-Ideal DFF Timing Diagram
QuestionText,"<p>In this problem, the flip-flop is <i>not</i> ideal and has          the delays shown above.         Click on the link below to open the problem in WaveDrom. Complete the timing         diagram, and paste <b>all</b> your code into the answer box.</p>         <p><a href=""https://dougsummerville.github.io/wavedrom/editor.html?%7B%20head%3A%7Btext%3A%27Non-Ideal%20DFF%20Diagram%27%7D%2C%0Asignal%3A%0A%5B%0A%7Bname%3A%20%22clk%22%2C%20wave%3A%20%22000011111000001111100000111110%22%7D%2C%7Bname%3A%20%22D%22%2C%20wave%3A%20%22000000000011111111000000011111%22%7D%2C%7Bname%3A%20%22Q%22%2C%20wave%3A%20%27%27%7D%2C%5D%2C%0A%20%20foot%3A%7Btick%3A0%7D%0A%7D"" target=""_blank"">WaveDrom Link</a></p>",HTML
Points,10
Difficulty,1
Image,/imagepools/quantumbeef/dff_23_C.png
Hint,"<p><b>You can treat the edge cases as valid.</b> For example,                 if the input changes <i>exactly</i> 3 ns before the rising edge,                 that would not be a setup time violation.                Your wave for Q should have 30 characters and look                 something like ""xxxxxxxxxx11111111110000000000"".",HTML
Feedback,"<p>Here was the right answer: <a href=""https://dougsummerville.github.io/wavedrom/editor.html?%7B%20head%3A%7Btext%3A%27Non-Ideal%20DFF%20Diagram%20Answer%27%7D%2C%0Asignal%3A%0A%5B%0A%7Bname%3A%20%22clk%22%2C%20wave%3A%20%22000011111000001111100000111110%22%7D%2C%7Bname%3A%20%22D%22%2C%20wave%3A%20%22000000000011111111000000011111%22%7D%2C%7Bname%3A%20%22Q%22%2C%20wave%3A%20%22xxxxxxxxxx00000000001111111111%22%7D%2C%5D%2C%0A%20%20foot%3A%7Btick%3A0%7D%0A%7D"" target=""_blank"">WaveDrom Link</a></p>",HTML
ANSWER,100,"(?i:name\s*:\s*['""]Q['""]\s*,\s*wave\s*:\s*['""](?:x\.\.\.\.\.\.\.\.\.0\.\.\.\.\.\.\.\.\.1\.\.\.\.\.\.\.\.\.|xxxxxxxxxx00000000001111111111)['""])",regexp


NewQuestion,SA
Title,Non-Ideal DFF Timing Diagram
QuestionText,"<p>In this problem, the flip-flop is <i>not</i> ideal and has          the delays shown above.         Click on the link below to open the problem in WaveDrom. Complete the timing         diagram, and paste <b>all</b> your code into the answer box.</p>         <p><a href=""https://dougsummerville.github.io/wavedrom/editor.html?%7B%20head%3A%7Btext%3A%27Non-Ideal%20DFF%20Diagram%27%7D%2C%0Asignal%3A%0A%5B%0A%7Bname%3A%20%22clk%22%2C%20wave%3A%20%22000011111000001111100000111110%22%7D%2C%7Bname%3A%20%22D%22%2C%20wave%3A%20%22111111111111111000001100000000%22%7D%2C%7Bname%3A%20%22Q%22%2C%20wave%3A%20%27%27%7D%2C%5D%2C%0A%20%20foot%3A%7Btick%3A0%7D%0A%7D"" target=""_blank"">WaveDrom Link</a></p>",HTML
Points,10
Difficulty,1
Image,/imagepools/quantumbeef/dff_23_D.png
Hint,"<p><b>You can treat the edge cases as valid.</b> For example,                 if the input changes <i>exactly</i> 1 ns before the rising edge,                 that would not be a setup time violation.                Your wave for Q should have 30 characters and look                 something like ""xxxxxxxxxx11111111110000000000"".",HTML
Feedback,"<p>Here was the right answer: <a href=""https://dougsummerville.github.io/wavedrom/editor.html?%7B%20head%3A%7Btext%3A%27Non-Ideal%20DFF%20Diagram%20Answer%27%7D%2C%0Asignal%3A%0A%5B%0A%7Bname%3A%20%22clk%22%2C%20wave%3A%20%22000011111000001111100000111110%22%7D%2C%7Bname%3A%20%22D%22%2C%20wave%3A%20%22111111111111111000001100000000%22%7D%2C%7Bname%3A%20%22Q%22%2C%20wave%3A%20%22xxxxxxxxx1111111111xxxxxxxxxx0%22%7D%2C%5D%2C%0A%20%20foot%3A%7Btick%3A0%7D%0A%7D"" target=""_blank"">WaveDrom Link</a></p>",HTML
ANSWER,100,"(?i:name\s*:\s*['""]Q['""]\s*,\s*wave\s*:\s*['""](?:x\.\.\.\.\.\.\.\.1\.\.\.\.\.\.\.\.\.x\.\.\.\.\.\.\.\.\.0|xxxxxxxxx1111111111xxxxxxxxxx0)['""])",regexp


NewQuestion,SA
Title,Non-Ideal DFF Timing Diagram
QuestionText,"<p>In this problem, the flip-flop is <i>not</i> ideal and has          the delays shown above.         Click on the link below to open the problem in WaveDrom. Complete the timing         diagram, and paste <b>all</b> your code into the answer box.</p>         <p><a href=""https://dougsummerville.github.io/wavedrom/editor.html?%7B%20head%3A%7Btext%3A%27Non-Ideal%20DFF%20Diagram%27%7D%2C%0Asignal%3A%0A%5B%0A%7Bname%3A%20%22clk%22%2C%20wave%3A%20%22000011111000001111100000111110%22%7D%2C%7Bname%3A%20%22D%22%2C%20wave%3A%20%22000000000111110000000111111111%22%7D%2C%7Bname%3A%20%22Q%22%2C%20wave%3A%20%27%27%7D%2C%5D%2C%0A%20%20foot%3A%7Btick%3A0%7D%0A%7D"" target=""_blank"">WaveDrom Link</a></p>",HTML
Points,10
Difficulty,1
Image,/imagepools/quantumbeef/dff_23_D.png
Hint,"<p><b>You can treat the edge cases as valid.</b> For example,                 if the input changes <i>exactly</i> 1 ns before the rising edge,                 that would not be a setup time violation.                Your wave for Q should have 30 characters and look                 something like ""xxxxxxxxxx11111111110000000000"".",HTML
Feedback,"<p>Here was the right answer: <a href=""https://dougsummerville.github.io/wavedrom/editor.html?%7B%20head%3A%7Btext%3A%27Non-Ideal%20DFF%20Diagram%20Answer%27%7D%2C%0Asignal%3A%0A%5B%0A%7Bname%3A%20%22clk%22%2C%20wave%3A%20%22000011111000001111100000111110%22%7D%2C%7Bname%3A%20%22D%22%2C%20wave%3A%20%22000000000111110000000111111111%22%7D%2C%7Bname%3A%20%22Q%22%2C%20wave%3A%20%22xxxxxxxxx0000000000xxxxxxxxxx1%22%7D%2C%5D%2C%0A%20%20foot%3A%7Btick%3A0%7D%0A%7D"" target=""_blank"">WaveDrom Link</a></p>",HTML
ANSWER,100,"(?i:name\s*:\s*['""]Q['""]\s*,\s*wave\s*:\s*['""](?:x\.\.\.\.\.\.\.\.0\.\.\.\.\.\.\.\.\.x\.\.\.\.\.\.\.\.\.1|xxxxxxxxx0000000000xxxxxxxxxx1)['""])",regexp


NewQuestion,SA
Title,Non-Ideal DFF Timing Diagram
QuestionText,"<p>In this problem, the flip-flop is <i>not</i> ideal and has          the delays shown above.         Click on the link below to open the problem in WaveDrom. Complete the timing         diagram, and paste <b>all</b> your code into the answer box.</p>         <p><a href=""https://dougsummerville.github.io/wavedrom/editor.html?%7B%20head%3A%7Btext%3A%27Non-Ideal%20DFF%20Diagram%27%7D%2C%0Asignal%3A%0A%5B%0A%7Bname%3A%20%22clk%22%2C%20wave%3A%20%22000011111000001111100000111110%22%7D%2C%7Bname%3A%20%22D%22%2C%20wave%3A%20%22111111111000000000011111100000%22%7D%2C%7Bname%3A%20%22Q%22%2C%20wave%3A%20%27%27%7D%2C%5D%2C%0A%20%20foot%3A%7Btick%3A0%7D%0A%7D"" target=""_blank"">WaveDrom Link</a></p>",HTML
Points,10
Difficulty,1
Image,/imagepools/quantumbeef/dff_23_D.png
Hint,"<p><b>You can treat the edge cases as valid.</b> For example,                 if the input changes <i>exactly</i> 1 ns before the rising edge,                 that would not be a setup time violation.                Your wave for Q should have 30 characters and look                 something like ""xxxxxxxxxx11111111110000000000"".",HTML
Feedback,"<p>Here was the right answer: <a href=""https://dougsummerville.github.io/wavedrom/editor.html?%7B%20head%3A%7Btext%3A%27Non-Ideal%20DFF%20Diagram%20Answer%27%7D%2C%0Asignal%3A%0A%5B%0A%7Bname%3A%20%22clk%22%2C%20wave%3A%20%22000011111000001111100000111110%22%7D%2C%7Bname%3A%20%22D%22%2C%20wave%3A%20%22111111111000000000011111100000%22%7D%2C%7Bname%3A%20%22Q%22%2C%20wave%3A%20%22xxxxxxxxx11111111110000000000x%22%7D%2C%5D%2C%0A%20%20foot%3A%7Btick%3A0%7D%0A%7D"" target=""_blank"">WaveDrom Link</a></p>",HTML
ANSWER,100,"(?i:name\s*:\s*['""]Q['""]\s*,\s*wave\s*:\s*['""](?:x\.\.\.\.\.\.\.\.1\.\.\.\.\.\.\.\.\.0\.\.\.\.\.\.\.\.\.x|xxxxxxxxx11111111110000000000x)['""])",regexp


NewQuestion,SA
Title,Non-Ideal DFF Timing Diagram
QuestionText,"<p>In this problem, the flip-flop is <i>not</i> ideal and has          the delays shown above.         Click on the link below to open the problem in WaveDrom. Complete the timing         diagram, and paste <b>all</b> your code into the answer box.</p>         <p><a href=""https://dougsummerville.github.io/wavedrom/editor.html?%7B%20head%3A%7Btext%3A%27Non-Ideal%20DFF%20Diagram%27%7D%2C%0Asignal%3A%0A%5B%0A%7Bname%3A%20%22clk%22%2C%20wave%3A%20%22000011111000001111100000111110%22%7D%2C%7Bname%3A%20%22D%22%2C%20wave%3A%20%22110000000000000111111111111100%22%7D%2C%7Bname%3A%20%22Q%22%2C%20wave%3A%20%27%27%7D%2C%5D%2C%0A%20%20foot%3A%7Btick%3A0%7D%0A%7D"" target=""_blank"">WaveDrom Link</a></p>",HTML
Points,10
Difficulty,1
Image,/imagepools/quantumbeef/dff_23_D.png
Hint,"<p><b>You can treat the edge cases as valid.</b> For example,                 if the input changes <i>exactly</i> 1 ns before the rising edge,                 that would not be a setup time violation.                Your wave for Q should have 30 characters and look                 something like ""xxxxxxxxxx11111111110000000000"".",HTML
Feedback,"<p>Here was the right answer: <a href=""https://dougsummerville.github.io/wavedrom/editor.html?%7B%20head%3A%7Btext%3A%27Non-Ideal%20DFF%20Diagram%20Answer%27%7D%2C%0Asignal%3A%0A%5B%0A%7Bname%3A%20%22clk%22%2C%20wave%3A%20%22000011111000001111100000111110%22%7D%2C%7Bname%3A%20%22D%22%2C%20wave%3A%20%22110000000000000111111111111100%22%7D%2C%7Bname%3A%20%22Q%22%2C%20wave%3A%20%22xxxxxxxxx0000000000xxxxxxxxxx1%22%7D%2C%5D%2C%0A%20%20foot%3A%7Btick%3A0%7D%0A%7D"" target=""_blank"">WaveDrom Link</a></p>",HTML
ANSWER,100,"(?i:name\s*:\s*['""]Q['""]\s*,\s*wave\s*:\s*['""](?:x\.\.\.\.\.\.\.\.0\.\.\.\.\.\.\.\.\.x\.\.\.\.\.\.\.\.\.1|xxxxxxxxx0000000000xxxxxxxxxx1)['""])",regexp


NewQuestion,SA
Title,Non-Ideal DFF Timing Diagram
QuestionText,"<p>In this problem, the flip-flop is <i>not</i> ideal and has          the delays shown above.         Click on the link below to open the problem in WaveDrom. Complete the timing         diagram, and paste <b>all</b> your code into the answer box.</p>         <p><a href=""https://dougsummerville.github.io/wavedrom/editor.html?%7B%20head%3A%7Btext%3A%27Non-Ideal%20DFF%20Diagram%27%7D%2C%0Asignal%3A%0A%5B%0A%7Bname%3A%20%22clk%22%2C%20wave%3A%20%22000011111000001111100000111110%22%7D%2C%7Bname%3A%20%22D%22%2C%20wave%3A%20%22000000000111000000111111111111%22%7D%2C%7Bname%3A%20%22Q%22%2C%20wave%3A%20%27%27%7D%2C%5D%2C%0A%20%20foot%3A%7Btick%3A0%7D%0A%7D"" target=""_blank"">WaveDrom Link</a></p>",HTML
Points,10
Difficulty,1
Image,/imagepools/quantumbeef/dff_23_D.png
Hint,"<p><b>You can treat the edge cases as valid.</b> For example,                 if the input changes <i>exactly</i> 1 ns before the rising edge,                 that would not be a setup time violation.                Your wave for Q should have 30 characters and look                 something like ""xxxxxxxxxx11111111110000000000"".",HTML
Feedback,"<p>Here was the right answer: <a href=""https://dougsummerville.github.io/wavedrom/editor.html?%7B%20head%3A%7Btext%3A%27Non-Ideal%20DFF%20Diagram%20Answer%27%7D%2C%0Asignal%3A%0A%5B%0A%7Bname%3A%20%22clk%22%2C%20wave%3A%20%22000011111000001111100000111110%22%7D%2C%7Bname%3A%20%22D%22%2C%20wave%3A%20%22000000000111000000111111111111%22%7D%2C%7Bname%3A%20%22Q%22%2C%20wave%3A%20%22xxxxxxxxx000000000000000000001%22%7D%2C%5D%2C%0A%20%20foot%3A%7Btick%3A0%7D%0A%7D"" target=""_blank"">WaveDrom Link</a></p>",HTML
ANSWER,100,"(?i:name\s*:\s*['""]Q['""]\s*,\s*wave\s*:\s*['""](?:x\.\.\.\.\.\.\.\.0\.\.\.\.\.\.\.\.\.\.\.\.\.\.\.\.\.\.\.1|xxxxxxxxx000000000000000000001)['""])",regexp


NewQuestion,SA
Title,Non-Ideal DFF Timing Diagram
QuestionText,"<p>In this problem, the flip-flop is <i>not</i> ideal and has          the delays shown above.         Click on the link below to open the problem in WaveDrom. Complete the timing         diagram, and paste <b>all</b> your code into the answer box.</p>         <p><a href=""https://dougsummerville.github.io/wavedrom/editor.html?%7B%20head%3A%7Btext%3A%27Non-Ideal%20DFF%20Diagram%27%7D%2C%0Asignal%3A%0A%5B%0A%7Bname%3A%20%22clk%22%2C%20wave%3A%20%22000011111000001111100000111110%22%7D%2C%7Bname%3A%20%22D%22%2C%20wave%3A%20%22110000000011111111111000000000%22%7D%2C%7Bname%3A%20%22Q%22%2C%20wave%3A%20%27%27%7D%2C%5D%2C%0A%20%20foot%3A%7Btick%3A0%7D%0A%7D"" target=""_blank"">WaveDrom Link</a></p>",HTML
Points,10
Difficulty,1
Image,/imagepools/quantumbeef/dff_23_D.png
Hint,"<p><b>You can treat the edge cases as valid.</b> For example,                 if the input changes <i>exactly</i> 1 ns before the rising edge,                 that would not be a setup time violation.                Your wave for Q should have 30 characters and look                 something like ""xxxxxxxxxx11111111110000000000"".",HTML
Feedback,"<p>Here was the right answer: <a href=""https://dougsummerville.github.io/wavedrom/editor.html?%7B%20head%3A%7Btext%3A%27Non-Ideal%20DFF%20Diagram%20Answer%27%7D%2C%0Asignal%3A%0A%5B%0A%7Bname%3A%20%22clk%22%2C%20wave%3A%20%22000011111000001111100000111110%22%7D%2C%7Bname%3A%20%22D%22%2C%20wave%3A%20%22110000000011111111111000000000%22%7D%2C%7Bname%3A%20%22Q%22%2C%20wave%3A%20%22xxxxxxxxx000000000011111111110%22%7D%2C%5D%2C%0A%20%20foot%3A%7Btick%3A0%7D%0A%7D"" target=""_blank"">WaveDrom Link</a></p>",HTML
ANSWER,100,"(?i:name\s*:\s*['""]Q['""]\s*,\s*wave\s*:\s*['""](?:x\.\.\.\.\.\.\.\.0\.\.\.\.\.\.\.\.\.1\.\.\.\.\.\.\.\.\.0|xxxxxxxxx000000000011111111110)['""])",regexp


NewQuestion,SA
Title,Non-Ideal DFF Timing Diagram
QuestionText,"<p>In this problem, the flip-flop is <i>not</i> ideal and has          the delays shown above.         Click on the link below to open the problem in WaveDrom. Complete the timing         diagram, and paste <b>all</b> your code into the answer box.</p>         <p><a href=""https://dougsummerville.github.io/wavedrom/editor.html?%7B%20head%3A%7Btext%3A%27Non-Ideal%20DFF%20Diagram%27%7D%2C%0Asignal%3A%0A%5B%0A%7Bname%3A%20%22clk%22%2C%20wave%3A%20%22000011111000001111100000111110%22%7D%2C%7Bname%3A%20%22D%22%2C%20wave%3A%20%22000000111110000001111111111111%22%7D%2C%7Bname%3A%20%22Q%22%2C%20wave%3A%20%27%27%7D%2C%5D%2C%0A%20%20foot%3A%7Btick%3A0%7D%0A%7D"" target=""_blank"">WaveDrom Link</a></p>",HTML
Points,10
Difficulty,1
Image,/imagepools/quantumbeef/dff_23_D.png
Hint,"<p><b>You can treat the edge cases as valid.</b> For example,                 if the input changes <i>exactly</i> 1 ns before the rising edge,                 that would not be a setup time violation.                Your wave for Q should have 30 characters and look                 something like ""xxxxxxxxxx11111111110000000000"".",HTML
Feedback,"<p>Here was the right answer: <a href=""https://dougsummerville.github.io/wavedrom/editor.html?%7B%20head%3A%7Btext%3A%27Non-Ideal%20DFF%20Diagram%20Answer%27%7D%2C%0Asignal%3A%0A%5B%0A%7Bname%3A%20%22clk%22%2C%20wave%3A%20%22000011111000001111100000111110%22%7D%2C%7Bname%3A%20%22D%22%2C%20wave%3A%20%22000000111110000001111111111111%22%7D%2C%7Bname%3A%20%22Q%22%2C%20wave%3A%20%22xxxxxxxxxxxxxxxxxxx00000000001%22%7D%2C%5D%2C%0A%20%20foot%3A%7Btick%3A0%7D%0A%7D"" target=""_blank"">WaveDrom Link</a></p>",HTML
ANSWER,100,"(?i:name\s*:\s*['""]Q['""]\s*,\s*wave\s*:\s*['""](?:x\.\.\.\.\.\.\.\.\.\.\.\.\.\.\.\.\.\.0\.\.\.\.\.\.\.\.\.1|xxxxxxxxxxxxxxxxxxx00000000001)['""])",regexp


NewQuestion,SA
Title,Non-Ideal DFF Timing Diagram
QuestionText,"<p>In this problem, the flip-flop is <i>not</i> ideal and has          the delays shown above.         Click on the link below to open the problem in WaveDrom. Complete the timing         diagram, and paste <b>all</b> your code into the answer box.</p>         <p><a href=""https://dougsummerville.github.io/wavedrom/editor.html?%7B%20head%3A%7Btext%3A%27Non-Ideal%20DFF%20Diagram%27%7D%2C%0Asignal%3A%0A%5B%0A%7Bname%3A%20%22clk%22%2C%20wave%3A%20%22000011111000001111100000111110%22%7D%2C%7Bname%3A%20%22D%22%2C%20wave%3A%20%22111000000111111111111111000000%22%7D%2C%7Bname%3A%20%22Q%22%2C%20wave%3A%20%27%27%7D%2C%5D%2C%0A%20%20foot%3A%7Btick%3A0%7D%0A%7D"" target=""_blank"">WaveDrom Link</a></p>",HTML
Points,10
Difficulty,1
Image,/imagepools/quantumbeef/dff_23_D.png
Hint,"<p><b>You can treat the edge cases as valid.</b> For example,                 if the input changes <i>exactly</i> 1 ns before the rising edge,                 that would not be a setup time violation.                Your wave for Q should have 30 characters and look                 something like ""xxxxxxxxxx11111111110000000000"".",HTML
Feedback,"<p>Here was the right answer: <a href=""https://dougsummerville.github.io/wavedrom/editor.html?%7B%20head%3A%7Btext%3A%27Non-Ideal%20DFF%20Diagram%20Answer%27%7D%2C%0Asignal%3A%0A%5B%0A%7Bname%3A%20%22clk%22%2C%20wave%3A%20%22000011111000001111100000111110%22%7D%2C%7Bname%3A%20%22D%22%2C%20wave%3A%20%22111000000111111111111111000000%22%7D%2C%7Bname%3A%20%22Q%22%2C%20wave%3A%20%22xxxxxxxxx00000000001111111111x%22%7D%2C%5D%2C%0A%20%20foot%3A%7Btick%3A0%7D%0A%7D"" target=""_blank"">WaveDrom Link</a></p>",HTML
ANSWER,100,"(?i:name\s*:\s*['""]Q['""]\s*,\s*wave\s*:\s*['""](?:x\.\.\.\.\.\.\.\.0\.\.\.\.\.\.\.\.\.1\.\.\.\.\.\.\.\.\.x|xxxxxxxxx00000000001111111111x)['""])",regexp


NewQuestion,SA
Title,Non-Ideal DFF Timing Diagram
QuestionText,"<p>In this problem, the flip-flop is <i>not</i> ideal and has          the delays shown above.         Click on the link below to open the problem in WaveDrom. Complete the timing         diagram, and paste <b>all</b> your code into the answer box.</p>         <p><a href=""https://dougsummerville.github.io/wavedrom/editor.html?%7B%20head%3A%7Btext%3A%27Non-Ideal%20DFF%20Diagram%27%7D%2C%0Asignal%3A%0A%5B%0A%7Bname%3A%20%22clk%22%2C%20wave%3A%20%22000011111000001111100000111110%22%7D%2C%7Bname%3A%20%22D%22%2C%20wave%3A%20%22111111111111000001111111111100%22%7D%2C%7Bname%3A%20%22Q%22%2C%20wave%3A%20%27%27%7D%2C%5D%2C%0A%20%20foot%3A%7Btick%3A0%7D%0A%7D"" target=""_blank"">WaveDrom Link</a></p>",HTML
Points,10
Difficulty,1
Image,/imagepools/quantumbeef/dff_23_D.png
Hint,"<p><b>You can treat the edge cases as valid.</b> For example,                 if the input changes <i>exactly</i> 1 ns before the rising edge,                 that would not be a setup time violation.                Your wave for Q should have 30 characters and look                 something like ""xxxxxxxxxx11111111110000000000"".",HTML
Feedback,"<p>Here was the right answer: <a href=""https://dougsummerville.github.io/wavedrom/editor.html?%7B%20head%3A%7Btext%3A%27Non-Ideal%20DFF%20Diagram%20Answer%27%7D%2C%0Asignal%3A%0A%5B%0A%7Bname%3A%20%22clk%22%2C%20wave%3A%20%22000011111000001111100000111110%22%7D%2C%7Bname%3A%20%22D%22%2C%20wave%3A%20%22111111111111000001111111111100%22%7D%2C%7Bname%3A%20%22Q%22%2C%20wave%3A%20%22xxxxxxxxx111111111100000000001%22%7D%2C%5D%2C%0A%20%20foot%3A%7Btick%3A0%7D%0A%7D"" target=""_blank"">WaveDrom Link</a></p>",HTML
ANSWER,100,"(?i:name\s*:\s*['""]Q['""]\s*,\s*wave\s*:\s*['""](?:x\.\.\.\.\.\.\.\.1\.\.\.\.\.\.\.\.\.0\.\.\.\.\.\.\.\.\.1|xxxxxxxxx111111111100000000001)['""])",regexp


NewQuestion,SA
Title,Non-Ideal DFF Timing Diagram
QuestionText,"<p>In this problem, the flip-flop is <i>not</i> ideal and has          the delays shown above.         Click on the link below to open the problem in WaveDrom. Complete the timing         diagram, and paste <b>all</b> your code into the answer box.</p>         <p><a href=""https://dougsummerville.github.io/wavedrom/editor.html?%7B%20head%3A%7Btext%3A%27Non-Ideal%20DFF%20Diagram%27%7D%2C%0Asignal%3A%0A%5B%0A%7Bname%3A%20%22clk%22%2C%20wave%3A%20%22000011111000001111100000111110%22%7D%2C%7Bname%3A%20%22D%22%2C%20wave%3A%20%22000111100000000000000000000111%22%7D%2C%7Bname%3A%20%22Q%22%2C%20wave%3A%20%27%27%7D%2C%5D%2C%0A%20%20foot%3A%7Btick%3A0%7D%0A%7D"" target=""_blank"">WaveDrom Link</a></p>",HTML
Points,10
Difficulty,1
Image,/imagepools/quantumbeef/dff_23_D.png
Hint,"<p><b>You can treat the edge cases as valid.</b> For example,                 if the input changes <i>exactly</i> 1 ns before the rising edge,                 that would not be a setup time violation.                Your wave for Q should have 30 characters and look                 something like ""xxxxxxxxxx11111111110000000000"".",HTML
Feedback,"<p>Here was the right answer: <a href=""https://dougsummerville.github.io/wavedrom/editor.html?%7B%20head%3A%7Btext%3A%27Non-Ideal%20DFF%20Diagram%20Answer%27%7D%2C%0Asignal%3A%0A%5B%0A%7Bname%3A%20%22clk%22%2C%20wave%3A%20%22000011111000001111100000111110%22%7D%2C%7Bname%3A%20%22D%22%2C%20wave%3A%20%22000111100000000000000000000111%22%7D%2C%7Bname%3A%20%22Q%22%2C%20wave%3A%20%22xxxxxxxxx111111111100000000000%22%7D%2C%5D%2C%0A%20%20foot%3A%7Btick%3A0%7D%0A%7D"" target=""_blank"">WaveDrom Link</a></p>",HTML
ANSWER,100,"(?i:name\s*:\s*['""]Q['""]\s*,\s*wave\s*:\s*['""](?:x\.\.\.\.\.\.\.\.1\.\.\.\.\.\.\.\.\.0\.\.\.\.\.\.\.\.\.\.|xxxxxxxxx111111111100000000000)['""])",regexp


